54,Acceuil / Politesse,Cet espace a perdu de son int√©r√™t. On y trouvait un service comp√©tent et agr√©able maintenant il ne reste plus que le comp√©tent.  Pour combien de temps encore ... avec les √©conomies d'Orange ?
685,Relation commercial,"Impossible d'avoir un conseiller par t√©l√©phone (un comble!!!), leur num√©ro est introuvable o√π que ce soit!?! Je mettrais 0 √©toile si c'√©tait possible!"
1665,Acceuil / Politesse,Accueil excellent temps d'attente cours
1437,Acceuil / Politesse,Tr√®s bon accueil
1587,Acceuil / Politesse,Parsonnel aimable et efficace
1279,Acceuil / Politesse,"Didier a l'accueil est tr√®s d√©sagr√©able, il n'a pas du tout envie d'√™tre l√† et il est agac√© par chaque client. Le reste de l'√©quipe est tr√®s dynamique dommage le premier accueil est le plus important."
1689,Acceuil / Politesse,Le personnel n'est vraiment pas orient√© client ! Franchement je d√©conseille cette boutique !!!
830,Acceuil / Politesse,"Personnel plus pr√©occup√© par le papotage entre amie que par le client.  Orange veut faire la banque ....il devrait commencer par choisir son personnel. Apr√®s 15 minutes d'attente  , la personne n a pas vu qu'elle avait un client..mais sa copine part en vacance demain..ouf ...!!!  Et moi ...je prendrais un abonnement chez le concurrent."
2385,Emotion,"Tr√®s d√©√ßue de Orange,chez qui pourtant je suis cliente!!! J'ai √©t√© alpagu√© dans la rue pour participer √† des activit√©s ludiques:tirages au sort,biscuits et pompoms de bonnet,LOL.  Press√©e par le temps ,puisque je travaille je n'avais pas envie d'y aller,mais cette personne a insist√© et j'ai voulu lui faire plaisir; je regrette am√®rement ,cette d√©cision. J'ai 3 enfants et je me suis dit,je vais me pr√™ter au jeu,pour eux. Sauf que,vous n'avez le droit de faire le pompom, qu'une fois par jour et par personne, ce que je comprends car des gens abusent, donc une personne :le soit disant responsable a dit que je pouvais venir durant 3j; afin de pouvoir confectionner ,pour mes enfants ces fameux pompoms,aujourd'hui un employ√© me dit que je ne peux pas faire de pompom: le responsable lui dit que si,1 par personne et par jour,du coup tous ses coll√®gues me sont tomb√©s dessus et m'ont agress√© violemment verbalement et le responsable a fini par me dire que c'√©tait la derni√®re fois que je pouvais venir, je lui ai r√©torqu√© que je n'√©tais pas une mendiante et qu'au vu de l'accueil que j'ai re√ßu, que c'√©tait la derni√®re fois que je viendrais!!! Je tiens √† pr√©ciser que je suis cadre et li√©e par le secret professionnel,j'ai une situation,heureusement pour moi!! Merci Orange pour l'invitation forc√©e et le retour fait √† vos clients.  Hier un Monsieur √©nerv√© etait sur le point de taper ce fameux responsable, chercher l'erreur, je comprends mieux maintenant.  Le personnel est ex√©crable, il ne cesse de parler entre eux et se critique entre eux et ne s'occupe pas de nous et garde les cadeaux du tirage au sort pour eux,eh bien continuez et Joyeux no√´l!!! La prochaine fois, je ne m'arr√™terais pour rien au monde, mieux vaut aller au magasin on est mieux servi et plus respect√© !!!! Vive Orange!!!! Je pense fortement √† tout annuler du coup, chez vous car,vous ne me m√©ritez pas en tant que cliente !!!! Vous avez mon plus grand m√©pris!!!"
814,Temps d'attente,"Juste minable, une fois qu'on vous a enregistr√© √† L entr√©e, on vous place comme une b√™te de foire dans la boutique et apr√®s plus rien... Aucun vendeur, personne ne vous r√©pond... Super. Pensez √† poser un RTT pour n'importe quelle op√©ration car c'est pire que La poste"
191,Temps d'attente,Beaucoup de personnel avec peu d'efficacit√©. Attente interminable
781,Probl√®me Technique,"C'est presque r√©confortant de lire ces avis (tr√®s) n√©gatifs...On se sent moins seul. J'habite l'arrondissement et le r√©flexe ""naturel"" √©tait donc d'aller dans cette boutique. Je promets que c'est fini...Trois exp√©riences lamentables en quelques mois. La moins lamentable √©tait celle o√π le vendeur √©tait simplement incapable de r√©pondre √† ma demande, mais gentiment...Pour le reste l'on se demande ce qui autorise nos interlocuteurs de cette boutique √† faire preuve de tant de m√©pris alli√© √† tant d'incomp√©tence. A fuir, absolument, et d√©finitivement"
1723,Relation commercial,"Service d√©plorable, personnel inutile et d√©testable, honte √† Orange."
490,Emotion ,Correct
2143,Emotion ,"Prise de rendez vous pour b√©n√©ficier une offre de reprise avantageuse pour mon t√©l√©phone. Le commercial ne conna√Æt pas l'offre puis me propose un prix qui ne correspond en rien √† l'offre re√ßue par mail. On m'indique ""qu'il ne faut pas croire tout ce qu'il y a dans les pubs"".. Ah bon ? Il me semblait pourtant que celles ci √©taient r√©glement√©es. Nullisime au possible. Aucun geste commercial, jetais partant venu dans l'optique de regrouper d'autres forfaits aupr√®s d'orange... √áa ne sera pas le cas malheureusement."
165,Relation commercial,Service technique top et payant...service accueil magasin excellent....service conseil vente produits equipements (mobiles etc...) hors forfait c'est une catastrophe...  Exemple: si vous quitt√© votre smartphone Samsung J3 2016 pour un smartphone Samsung J6+ ...penser √† demander une nouvelle carte SIM...et ainsi demander si votre code PIN n' est pas chang√© non plus car vous pouvez avoir une mauvaise surprise chez vous!   La conseill√®re vente ....dans mon cas...elle  t'apporte ton smartphone sans aucun remerciement du l'achat...c'est normal car pour elle le client c'est juste 1 num√©ro avec un nom.  Dommage... car Orange depense une fortune dans des magnifiques pubilicit√©s sans oublier la technologie investi.. pour avoir un personnel dans les magasins sans aucune qualit√© du service relation clientü§î Remercier un client Orange qui se deplace en magasin et qui achete surplace merit√© un service client plus professionnel non ü§®
1280,Acceuil / Politesse,"L'√©quipe a l'air dynamique, mais j'ai √©t√© accueilli tr√®s froidement par un certain D., qui s'est content√© de me renvoyer vers le service client t√©l√©phonique d'une fa√ßon tr√®s d√©sagr√©able et condescendante. Compte-tenu des prix auxquels sont vendus mobiles et forfaits, c'est dommage d'avoir cette impression de d√©ranger..."
681,Temps d'attente ,"Ce qui est formidable, ce sont les r√©ponses robotis√©es ""nous prenons en compte votre avis et nous faisons tout pour r√©duire le temps d'attente...etc""  Et visiblement, aucun changement dans cette agence. Quand √† l'application ""mes boutiques"", elle est introuvable. Pourquoi ne peut-on pas mettre 0 √©toile ?"
2209,Emotion,(Traduit par Google) Haut  (Original) Top
1085,Acceuil / Politesse,"Si je pouvais ne mettre 0 √©toile je l'aurais fait. On a eu un refus pur et simple de nous servir sous pr√©texte que ""les clients sosh sont livr√©s √† eux-m√™me c'est le principe du service"". Sauf que fournir une carte sim c'est le service minimum qu'on ne peut pas inventer.  Soit le vendeur se foutait ouvertement de nous, soit il faut √™tre mins arabe que nous pour avoir un service correct.  (Edit : me donner un lien valide quand on me r√©pond √ßa pourrait √™tre utile)"
2198,Emotion,"J‚Äôaurais d√ª rester couch√©e le jour o√π j ai d√©cid√© de regrouper mon forfait mobile SFR et mon forfait internet Orange ... 1 mois 1/2 de gal√®res (coupure de ligne, demande de restitution d un materiel que j avais deja rendu etc etc etc ...) J ai h√¢te que mon abonnement Orange se termine.  √áa ne sera peut √™tre pas mieux ailleurs mais avec un peu de chance je serai a minima re√ßue AIMABLEMENT lorsque je dis que je n en peux plus de tous ces dysfonctionnements  Belle boutique mais malheureusement √ßa s arr√™te l√† d autant plus qu on vous r√©pond qu on ne peut rien pour vous ......... Conclusion : visitez la boutique puis faites vite demi tour ..."
365,,Orange shop that has mobile phones to buy and all services that is provided by Orange.
1123,Emotion,"C'est une franchise... une tr√®s mauvaise exp√©rience - sur le plan technique cette agence a r√©ussi √† m'annuler deux lignes de t√©l√©phone... √† la grande surprise des services techniques d'orange ! Une tr√®s mauvaise r√©putation que partage ""officieusement"" la boutique orange rue du commerce - √† √©viter pour leur incomp√©tence et leurs prix bizarrement plus √©lev√©s que dans les boutiques orange plu officielles - la manager est √† malheureusement √† l'image du service..."
2050,Acceuil / Politesse,Accueil boutique sympa on vous prend en charge rapidement pour les achats comme pr le reste.
1760,Relation Commercial,"Boutique orange tr√®s correcte. Agent √† l'entr√©e qui r√©gule bien les clients pour l attente, tr√®s  aimable et tr√®s efficace les conseillers sont aussi tr√®s pro Gc 92"
319,temps d'attente N,Tr√®s bon accueil mais attente un peu longue malgr√© un rendez vous pris la veille en service Pro.
1647,Emotion,Bien quand personne
2572,Emotion,Jeune vendeur agreable dynamique. Binne prestation. Je recommande !
1652,Emotion,Excellent service
318,Acceuil / Politesse,Accueil froid et long
2548,Acceuil / Politesse,"Une honte. Sid√©rant d'√™tre aussi mal re√ßu. Jamais vu √ßa. Cela faisait bien longtemps que je n'√©tais pas venu, et j'avais √©t√© tr√®s bien accueilli. Mais l√†... une catastrophe ! Quel dommage. J'esp√®re sincerement que les conseillers sont d'une autre envergure...  Je suis tr√®s sensible √† la rapidit√© de votre r√©action. Je ne manquerai pas de prendre contact avec vos services prochainement. Mais quand m√™me, un conseil, soyez vigilant √† la qualit√© de votre accueil. J'ai aussi travaill√© de longues ann√©es en boutique..."
725,Acceuil / Politesse,Personnel aimable et serviable √Ä l‚Äô√©coute et cherche les meilleurs prix pour vous  Je recommande
110,Emotion,"Fuyez cet endroit! Un peu d√©fra√Æchi d'un voyage de 26h, les h√¥tesses me barrent la route pour l'acc√®s au magasin. J'explique ma situation et ma demande. Le magasin √©tait VIDE, malgr√© cela j'ai attendu 10-15min, j'ai fini para abandoner et aller chez la concurrence. On vous juge d√®s l'entr√©e du magasin et on vous ferme les portes d'office. Je pensais qu'au 21eme si√®cle, c'√©tait fini, apparemment non."
530,,"Parasti daudz apmeklƒìtƒÅju,nƒÅkas ilgi gaidƒ´t."
2038,Acceuil / Politesse,"Attendre un peu longue mais normale en cette p√©riode, tr√®s bon accueil au global"
1282,Acceuil / Politesse,Accueil ex√©crable comme dans toutes les boutiques ORANGE ! A Vincennes c est pire !!
2044,Cadre / Atmosphere,Boutique sympathique
1844,Emotion,Boutique ferm√©e... aucune indication sur le site ou sur la boutique pour expliquer cela.
682,Probleme Technique,Aucune aide sur place il faut appeler 390p
393,Acceuil / Politesse,Personnel mal √©lev√© et raciste envers les asiatiques. Ils pensent que les asiatiques sont incapables de comprendre les insultes qu'ils disent en fran√ßais. Erreur !
1783,Temps d'attente,Attente interminable et personnel peu agr√©able. Le vendeur √©tait limite en train de me crier dessus !
1380,Probleme Technique,Trop de monde et on ne trouve pas solution √† mon probl√®me.
1819,Emotion,"prennent la libert√© de fermer pendant l'heure du d√©jeuner , ce que ne pr√©cise pas le site orange qui annonce l'ouverture sans interruption. pas s√©rieux ..... qui controle cela ?"
2183,Acceuil / Politesse,Tr√®s satisfait de l'accueil ü§ó
2596,Cadre / Atmosphere,"Super magasin de t√©l√©phonie. Attention aux montages des vitres blind√©s, ils refusent de les placer."
529,Acceuil / Politesse,C'est √† c√¥t√© de moi et les employ√©s sont tr√®s gentils. üëçüôãüòÅ
503,Acceuil / Politesse,"Tr√®s mauvais accueil ! Gr√¢ce √† cette boutique, pour moi, Orange c est fini"
1884,Emotion,Sympa
1593,Emotion,(Traduit par Google) Bien  (Original) Good
1954,Temps d'attente,"45 mn d‚Äôattente pour une box √† √©changer ce qui a pris moins de 5 mn au final .. il y a un tri fait d√®s l‚Äôarriv√©e mais qui ne sert √† rien car si vous √™tes l√† pour acheter, vous passez en priorit√© !"
1830,Temps d'attente,"Scandaleux, 4 vendeurs pas un bonjour. 30mn que j'attend alors qu'un des vendeurs parle de la coupe du monde de foot, l'autre parle de sa belle m√®re avec 2 clientes depuis 15mn.  La derni√®re fois que j'√©tais venu ils refusaient l'entr√©e 30mn avant l'horaire de fermeture.  Une affiche indique : ""Toute agression physique ou verbale fera l'objet de poursuite...""  L'impression d'√™tre dans un centre des imp√¥ts en quartier sensible.  PS: 45 mon plus tard enfin √† moi mais les 2 vendeurs ont disparu... sans doute en pause ..."
1638,Acceuil / Politesse,"Profond√©ment d√©√ßue de l‚Äôaccueil r√©serv√© √† la client√®le... Pas un bonjour, pas un sourire, on nous envoie directement √† un conseill√© que √ßa n‚Äôint√©resse visiblement pas de g√©rer les clients.  Clairement ont le d√©range... Il nous parle comme si nous √©tions d√©biles, et √† toutes nos questions, deux r√©ponses: Allez voir sur internet, ou allez voir sur votre t√©l√©vision... Attitude que je juge vraiment inacceptable et presque agressive. Pas une seule fois il n'a essay√© de nous aider, sous pr√©texte que de toute fa√ßon les boutiques vont fermer et que les clients ne passerons que par internet ou t√©l√©phone pour r√©soudre leurs probl√®mes.... Bref apr√®s cette exp√©rience non seulement je ne reviendrais plus, mais nous allons changer d'op√©rateur, c'est dommage car √† la base ce n'√©tait nullement notre intention."
2321,Emotion,Que du bonheur
746,Acceuil / Politesse,Accueil et efficacit√©.
1515,Emotion,Convivialit√©
515,Cadre / Atmosphere,Espace exigu
1378,Temps d'attente,Mauvaise organisation. J'ai attendu pour finalement ne pas √™tre servi...
2328,Relation Commercial,Service de qualit√© et interlocuteurs comp√©tant.
242,Emotion,"Tr√®s mauvaise exp√©rience. Il semble donc que la grande et belle boutique Orange des Champs √âlys√©es, vitrine de la marque, ne vende aucune autre recharge que le fameux ""Pack Holiday"", une offre scandaleusement plus ch√®re que toutes les autres, destin√©es √† de pauvres touristes n'ayant aucune id√©e que depuis Free, il n'est pas normal de payer un forfait 40 euros. Si l'on veut acheter autre chose, on nous redirige vers un bureau de tabac. Comment alors enregistrer la carte sim ? Il faudra envoyer un coupon par la poste, avec photocopie du passeport etc, bref tout est fait pour vous inciter √† acheter ce pack √† 40 euros, seule solution pour vous √©viter de perdre une matin√©e de vos vacances √† chercher un tabac, une photocopieuse et une poste. Et bien s√ªr, si vous souhaitez faire remonter votre m√©contentement, vous √™tes r√©dirig√© vers le site internet, ou bien le 3900, plate-forme sur laquelle l'on vous dira que votre appel ne peut aboutir car la ligne est trop encombr√©e."
1981,Relation Commercial,Boutique tr√®s visible dans l'avenue avec une equipe de conseillers tr√®s comp√©tents. Bravo !
1873,Cadre / Atmosphere,Ce magasin est bien agenc√© Beaucoup de choix Le conseiller a tr√®s bien r√©pondu √† ma question  a √©t√© tr√®s gentil et professionnel
162,Acceuil / Politesse,Personnel accueillant et courtois
2134,Temps d'attente,"Pour des renseignements sur l'abonnement et l'utilisation de la tablette et du mobile. Trop de clients pas assez de personnel. Chez certains ""FAI"" c'est pire vous n'avez m√™me pas o√π vous asseoir."
500,Relation Commercial,"excellente responsable √† l'√©coute, efficace et comp√©tente.Qui plus est,entour√© de collaborateurs efficaces.On aimerait pouvoir en dire autant  des conseillers eu t√©l√©phone dont les qualit√©s ne sont gu√®re mis au service du client.(√©coute nulle-incomp√©tence-incapables de r√©pondre aux question soulev√©es.semblent r√©citer un br√©viaire!)"
233,Temps d'attente,"La jeune femme √©tait tr√®s professionnelle, comp√©tente et agr√©able.  Par contre 30' d'attente, que 2 techniciens en plein vendredi APM.  Cordialement"
707,Probleme Technique,C'est la troisi√®me fois que je p√©n√®tre dans cette boutique. Je me demande pourquoi je viens encore. Toujours aussi d√©plaisants et incomp√©tents. Boutique √† fuir et encore je suis gentil.
619,Emotion,C'est possible de mettre 0?
1915,Emotion,Lieu sympathique Vendeur comp√©tent Produits de qualit√©s
2360,Relation Commercial,"Tr√®s beau magasin, vendeurs au top! N‚Äôh√©sitez pas a y passer, vous pourrez y voir de nouvelles technologies!"
323,Acceuil / Politesse,"Excellent service. √âquipe sympathique, accueillante et efficace."
2491,Emotion / Ressenti,Correct c'est diplomatique
2147,Acceuil / Politesse,"Tr√®s bon accueil, gestion de l'attente via SMS ce qui est tr√®s pratique. Bons conseils et des vendeurs qui prennent leur temps de vous conseiller."
2640,Emotion,"(Traduit par Google) Les employ√©s soit sont malhonn√™tes, incomp√©tents, ou tout simplement qu'ils pensent que leur anglais est beaucoup mieux qu'elle ne l'est en r√©alit√©. Nous sommes all√©s √† deux cartes SIM pr√©pay√©es avec 2 Go de donn√©es et ils nous ont vendu deux avec seulement 600 Mo. Lorsque nous avons d√©couvert leur erreur, au d√©but, ils ont dit que nous ne pouvions tout simplement recharger pour ‚Ç¨ 10 √† 2 Go, mais quand est all√© en faire un manager nous a dit que nous devions acheter un tout nouveau plan pour 30 ‚Ç¨ chacun. Maintenant, nous avons pas de donn√©es pour les 3/4 de notre temps √† Paris. Soyez prudent de v√©rifier ce qu'ils vous vendent, m√™me si vous √™tes couramment le fran√ßais.  (Original) Employees either are dishonest, incompetent, or just they think their English is much better than it actually is. We went in for two prepaid SIM cards with 2GB of data and they sold us two with only 600 MB. When we discovered their error, at first they said we could just top up for ‚Ç¨10 to 2GB, but when went in to do so a manager told us we had to buy a totally new plan for ‚Ç¨30 each. Now we have no data for 3/4 of our time in Paris. Be careful to check what they are selling you, even if you're fluent in French. "
1960,Probleme Technique,"Donne encore plus de probl√®mes au client. J'y suis all√©e car on m'a envoy√©e une nouvelle box, mais cette fois, pas de bon de retour pour rendre l'ancienne. De mauvaise gr√¢ce, je vais dans la boutique Orange la rendre en mains propres.  L'accueil √©tait bien, je rajoute aussi que j'ai une autre demande √† faire. L'imprimante ne marche pas, la vendeuse ne peut pas me donner mon justificatif comme quoi ma box a √©t√© bien rendue, je lui demande tout de m√™me si √ßa sera pris en compte,  oui pas d'inqui√©tude, c'est scann√©, etc. Sur ce elle me plante l√† alors que j'√©tais encore assise et va voir d'autres clients, sans rien me dire, et mes autres questions, je peux me les garder... Je pars en lan√ßant tout de m√™me un au revoir... Je re√ßois un courrier 1 mois plus tard qui dit que je n'ai pas rendu 2 box (au lieu d'une) et que je dois payer tant... et je n'ai pas le justificatif. Merci Orange de nous compliquer la vie. C'est une honte."
1366,,RAS
314,Relation Commercial,"Tr√®s sympa un magasin orange de qualit√©, moderne propre et le personnel agr√©able et souriant ! Je conseille."
1223,Acceuil / Politesse,"Ce serait bien de noter sur le site les fermetures m√™me exceptionnelles! Apr√®s Vaugirard avec un accueil pitoyable, je me pr√©sente rue du commerce ! Fermeture! Et bien je continue..."
1263,motion,"Mauvaise exp√©rience,  un vendeur malhonn√™te et idiot, aucun respect ."
1699,Emotion ,"Un personnel scandaleux, d√©sagr√©able et agressif ! Vous venez de perdre un client, et au vu des clients pr√©c√©dent qui sont partis √©nerv√©s vous n'en avez pas perdu qu'un."
81,Temps d'attente,"Arriv√© √† l‚Äôouverture √† 10:00, 3 personnes devant moi, il est 11h et j‚Äôattends toujours !!"
2407,Probleme Technique,Acheter c'est facile...avoir une assistance technique est quasiment impossible.
346,Emotion,(Traduit par Google) Bien  (Original) Good
1596,Emotion ,"Service client inexistant.  Si vous voulez √™tre exp√©di√© en 2 minutes sans aucun conseil : n'h√©sitez pas, allez dans cette agence.  Lamentable"
292,Acceuil / Politesse,Bravo au personnel d'Orange tr√®s bien accueillie  je suis tr√®s content tr√®s bien organis√©
2072,Acceuil / Politesse,(Traduit par Google) Juge bon personnel est vraiment gentil  (Original) Ïã¨ÏÇ¨Í∏∞ Ï¢ãÏïÑÏöî Ïä§ÌÉúÌîÑÎì§Ïù¥ ÏßÑÏßú ÏπúÏ†àÌï®
46,Acceuil / Politesse,Franchement  l'accueill rien a dire le service tr√®s bien
2435,Acceuil / Politesse,Tr√®s tr√®s  bien re√ßu personnel tr√®s comp√©tant merci
1018,Acceuil / Politesse,Accueil inexistant  Personnel non aimable. Surtout √† √©viter!
723,Emotion,Tr√®s bien
128,Acceuil / Politesse,"Accueil lamentable, quand j‚Äôentre dans la boutique, on me dit ¬´¬†Oui ???¬†¬ª, du genre C‚Äôest pourquoi ??? sans un sourire de bienvenue ou m√™me un basique ¬´¬†Bonjour Madame¬†¬ª. La personne qui s‚Äôest occup√©e de recharger ma carte t√©l√©phonique, une dame ayant la cinquantaine avanc√©e, particuli√®rement peu aimable, semblait agac√©e de mes questions (c‚Äôest la premi√®re fois que j‚Äôutilise une carte rechargeable) et sourcillait √† chaque r√©ponse qu‚Äôelle faisait l‚Äôeffort de me donner. Limite si elle ne roulait pas des yeux tellement j‚Äôavais l‚Äôair d‚Äô√™tre une d√©bile profonde √† ses yeux, tout en se comportant comme la diva de son petit territoire. Quand je lui ai dit que je voulais la recharge la moins ch√®re, elle a m√™me √©touff√© un rire, j‚Äôai cru r√™ver. Franchement, choisissez mieux votre personnel, surtout pour une boutique sur les Champs √âlys√©es, qui devrait repr√©senter la marque avec une attitude plus amicale que pr√©tentieuse. Exp√©rience d√©sagr√©able en tout point."
2636,,Cv pas mal
94,Cadre / Atmosphere,Service rapide et agr√©able dans un superbe environnement
406,,(Traduit par Google) Est int√©ressant  (Original) –ò–Ω—Ç–µ—Ä–µ—Å–Ω–æ
886,Emotion,"Dixit les vendeurs, ce n'est pas une vrai boutique Orange. Elle ne fait donc pas d'assistance !  Tr√®s d√©cevant ! "
2600,Cadre / Atmosphere ,"Wifi √† bord, du coup c'est cool"
1163,Relation Commercial,Tr√®s bien. Boutique un peu petite mais  Personnel sympathique et √† l'√©coute.
1244,Relation Commercial,Personnels √† l √©coute et tr√®s sympathique
337,Emotion,"je me suis rendue la bas pour changer de mobile, je suis tomb√©e sur un vendeur incomp√©tent ce qui m'a cout√© de rester toutes l'apres midi chez eux car il  a fait des bourdes l'une apr√®s l'autre sans se stresser en plus. Il a fait tomber un iphone x sans se prendre la tete et en le remettant dans la boite normal. Je passe les d√©tails de cet apres midi foireuse. S'abstenir d'aller la bas vraiment !!!!!!!!"
542,Probleme Technique,"Je tiens √† pr√©ciser que cet appareil a √©t√© achet√© √† la boutique Orange Belle Epine. Si on s'en tient au raisonnement du vendeur de la boutique d'Al√©sia, c'est comme si j'achetais une Peugeot √† Lyon et que je ne peux pas la faire r√©parer √† Paris...Cherchez l'erreur..."
971,Emotion,L'EXEMPLE PARFAIT DE LA PR√âTENTION ET DE LA M√âDIOCRIT√â