192,Temps d'attente,"Trop d attente, comme les autres boutiques.  Tr√®s bon accueil"
2168,Relation commerciale,"Je suis all√© plusieurs fois √† cette boutique pour mon abonnement o√π mon t√©l√©phone, toujours impeccablement re√ßu o√π ils ne forcent pas la main pour essayer de vous vendre n'importe quoi. Il est pr√©f√©rable de prendre un rendez-vous avant d'y aller car il y a souvent beaucoup de monde"
1773,Relation commerciale,Personnel qui vous rajoute des assurances sans demander votre avis Se m√©fier. Pas contente du tout
1216,Probl√®me technique,"A √©viter √† tout prix ! Alors que nous avions rendez vous pour √©changer un d√©codeur TV (apr√®s contact avec la hotline orange qui avait pr√©venu la boutique), on nous a tout simplement dit qu'ils n'en avaient pas de nouveau √† nous donner, sans avoir plus d'explication, on nous a parl√© de mani√®re vulgaire et agressive avant de compl√®tement nous ignorer !! Je n'ai jamais vu un tel manque de respect de la part du personnel, tout le monde dans la boutique √©tait choqu√©. Nous avons donc √©t√© oblig√©s de trouver une autre solution par nos propres moyens. Conclusion : aucune aide, incomp√©tence et irrespect total. Bon courage si vous allez dans cette boutique !"
2229,Cadre,"Tr√®s grande boutique avec un large choix de smartphones, de montres connect√©es, d'accessoires... Si vous souhaitez prendre en main un smartphone, je vous recommande cet endroit car vous √™tes sur de trouver le mod√®le de votre choix. Par contre, certains vendeurs n'y connaissent rien et ne savent pas r√©pondre aux questions les plus simples. Heureusement que d'autres vendeurs sont plus s√©rieux."
1590,Relation commerciale,acueil detestable le vendeur ne connaissait pas ses produit et m assurait que l iphone xs n existait pas en 256 mais en 128 puis decu de voir qu il s etait trompe il en a trouve 1 et a ensuite refuse de me le vendre car je refusais la fibre  je suis cliente pro depuis 35 ans paie un abonnement de 250 euros par mois !! je pens qu il faut qu il ne soit pas en contact avec la clientele il m a d ailleurs conseille de ne pas revenir ue lettre est parti au service commercial d orange  boutique a eviter
1888,Accueil,Personnel tr√®s d√©sagr√©able   1h d'attente
798,Accueil,"Accueil plus que d√©sagr√©able  Se faire r√©primander lorsque qu'on a le malheur de prendre en main (c'est √† dire le prendre et regarder l'arri√®re de celui ci pendant moins de 30 secondes) un iPhone 8 que nous d√©sirions acheter : "" si vous pouviez √©viter de le prendre en main cela fait sonner l'alarme""   Ok donc je dois d√©penser 900‚Ç¨ sans pouvoir ne serait-ce que prendre en main l'appareil juger de sa taille etc   Allez chez Apple le service y est digne de ce nom"
1598,Relation commerciale,bon produit et surtout bon accueil merci
1992,Cadre,Boutique tr√®s agr√©able
600,Relation commerciale,Pour moi c'√©tait tr√®s bien. L'accueil faisait un peu usine mais une fois avec le conseiller tout s'est bien pass√© j'ai pu avoir la box et l'offre ad√©quate (il faut dire qu'entre geeks on se comprend)
896,Accueil,Comme je n'avais qu'un achat de chargeur √† faire on m'a fait passer entre 2 clients. Tr√®s appr√©ciable.
2220,Accueil,Excellent accueil
2054,Accueil,Tr√®s bon accueil.  Efficace et personnel comp√©tent.
1803,Temps d'attente,"Un vigile, 30 minutes d'attente üòí je fuis....."
1087,Relation commerciale,Tr√®s bon accueil et conseils de qualit√©
789,Temps d'attente,Je viens juste pour acheter un t√©l√©phone fixe qui a juste a √™tre encaisser. Ok me laisse attendre devant la caisse pendant 20 min alors que 3 conseillers brasse de l air pour rien et rigole entre eux. Inacceptable surtout en p√©riode de no√´l!!!
1477,Relation commerciale,"(Traduit par Google) Si votre touriste n'utilise pas Orange. Ne vous m√©prenez pas, le magasin est agr√©able √† l'int√©rieur, mais le service client SUCE. Nous sommes entr√©s demander de l'aide et ont √©t√© ignor√©s par 3 personnes. Puis quelqu'un nous a parl√©, nous avons demand√© les cartes SIM de voyage, ils ont dit ok et sont repartis et ont fourni un service √† la personne derri√®re nous. Quand nous avons finalement eu les cartes SIM, seulement un fonctionne. Et cela fonctionne sporadiquement. Nous avons apport√© ceci aux personnes de service √† la client√®le et leur r√©ponse √©tait trop mauvais aucun remboursement  (Original) If your a tourist do not use Orange. Don't get me wrong the store is nice inside but the customer service SUCKS. We walked in ask for some help and were ignored by 3 people. Then someone talked to us we asked for the travel SIM cards they said ok and walked away and provided service to the person behind us. When we finally got the SIM cards only one works. And it works sporadically. We brought this to the customer service people and their answer was too bad no refunds"
149,Temps d'attente,(Traduit par Google) Je me suis assis pendant plus d'une attente d'une heure. Mon nom n'a pas √©t√© appel√© pour le service  (Original) I sat for over an hour waiting. My name was not called out for service
2330,Emotion,Des incomp√©tents !
1788,,N'existe plus....
1029,Accueil,5 √©toiles pour le d√©partement photo.  Quant √† la t√©l√©phonie: √©vitez un certain David. Il est d√©plaisant et nul.
1262,Cadre,Mal indiqu√© mal renseign√© pour trouv√© orang pas de pancartes
1041,Relation commerciale,"Ne m√©rite aucunes √©toiles Le vendeur me propose de compl√©ter mon offre internet avec un mobile. Je r√©silie donc mon offre chez bouygues. Ce dernier m'affirme que ma facture sera de 15euros de plus par mois et je me retrouve avec un forfait mobile de 34,99... Et de plus, il m'a confirm√© d'avoir r√©sili√© une option ""cin√©"" que je n'utilisais et finalement cette option est toujours active.  J'avais fait confiance √† ce vendeur et ce dernier en a bien abus√©. D√®s mon retour de vacances, je viendrai en personne afin davoir des explications et un geste commercial car on ne prend pas les gens pour des CONS ! A contrario, j'irai chez le concurrent sans aucuns scrupules. (heureusement qu'il existe des pro tout de m√™me... merci √† cette conseill√®re du service client)"
2441,Temps d'attente,Venu pour l‚Äôachat un t√©l√©phone. Attente d‚Äôune heure alors qu‚Äôil n‚Äôy a que 3 personnes... au final pour que le service me dise que le conseill√© a oubli√© de m‚Äôappeler.
2056,Accueil,Ne vous fiez pas aux avis que vous lisez. J'ai eu un acceuil tr√®s chaleureux et j'ai eu affaire avec des personnes competante et super sympa. Ils ont su traiter ma demande dans son int√©gralit√© et je retournerai dans leur boutique.
878,Accueil,"Accueil  correct, acc√®s parking pas simple par contre."
1452,Accueil,"PLUS AUCUN SERVICE DISPONIBLE EN BOUTIQUE UN COMBLE. SEULE REPONSE ==> Contacter le service ""Client""..."
1586,Changement d'op√©rateur,Tres mauvais accueil  Personnels peu motiv√©  J'en suis all√© voir un concurrent !
391,Accueil,"Personnel √† l'√©coute, staff tr√®s efficace"
895,Accueil,Super conseil et bon accueil
1694,Relation commerciale,(Traduit par Google) Service faible  (Original) Fraco atendimento
2341,Accueil,"Vendeuse agr√©able, √† l'√©coute et de tr√®s bon conseil. Merci !"
982,Accueil,Tr√®s bien re√ßu Mr oasis super
2559,Accueil,Professionnels et sympathiques !
1666,Accueil,"√Ä fuir!!!! Personnel odieux, agressif voire insultant! Comment Orange peut il laisser un magasin √™tre g√©r√© par ce genre d'individu??? Les autres commentaires sont pourtant clairs! Pour qui nous prend-on, pour qui se prennent-ils!!!!"
2465,Accueil,Super accueil et service rapide en cas de probl√®me.
2316,Cadre,Boutique tr√®s agr√©able.le personnel est tr√®s sympathique et tr√®s avenant avec les clients.
1089,,Magasin ferm√© sans pr√©avis le 7 mai  Impossible de retirer une box pour installation imminente. Foutage de gueule du client.   .
2409,Accueil,"Tres belle boutique, equipe de vente souriante et aimable. Accueil au top !  Je suis venue lundi soir sans rendez-vous avec un peu d attente (20 mns) et ai ete prise en charge par Andre, un vendeur aimable et tres bon conseiller. Je recommande cette boutique !"
1963,Accueil,Tres bon accueil et sans doute un gros probl√®me r√©solu
1993,Temps d'attente,L'attente est souvent longue mais les vendeurs sont sympas
864,Accueil,Accueil pas sympathique
1517,Accueil,Le personnel est tr√®s professionnel et sympathique et l'attente raisonnable .Merci!!!!!
1010,Accueil,Accueil d√©plorable ! On se trouve devant un mur lorsque l'on pose des questions. Pas du tout commercial ! J'ai perdu mon temps.
1864,Relation commerciale,Service pourri.  Rarement vu autant d'incomp√©tence.  Je ne recommande pas du tout. En plua d'√™tre betes et incompetents ils ne savent pas parler a leurs clients. Je ne suis pas etonn√©e de voir autant de gens s'enerver dans cette boutique lors de mes 3 dernieres visites
2565,Relation commerciale,"Alors que changer de mobile demande quelques clics en ligne la m√™me op√©ration devient kafka√Øenne dans cette boutique. Quand on s'en √©tonne, un responsable qui refuse de donner son nom vient expliquer qu'il s'agit de mesures anti-terroristes et appelle la s√©curit√©... T√©l√©phone finalement command√© en ligne sur le trottoir en moins d'une minute. Absolument ridicule !"
773,,J'ai donn√© des √©toiles parce que je ne le connais pas vraiment alors √† vous de voir
1600,Temps d'attente,"Un peu d'attente mais rien d'insupportable. L'employ√© qui s'est occup√© de moi a √©t√© gentil et efficace. Pas vraiment grand chose √† dire, donc."
2266,Temps d'attente,"Rest√© 20 mns,j'ai fait le tour de la boutique,pas un sourire,pas un bonjour,une exp√©rience client incomparable."
1037,Accueil,Bon service. Efficace. Beaucoup de monde.
1540,Temps d'attente,1h30 d‚Äôattente pour un service irrespectueux.
375,Temps d'attente,Lenteur et probl√®me d organisation
1753,,MDR
1769,Emotion,Super
1687,Accueil,Le pire accueil possible. Si vous n'avez pas d'urgence fuyez cette boutique et son personnel.
402,Accueil,Superbe accueil suite √† un vol de portable. Un peu d attente mais le caf√© offert pour patienter. Gentillesse et disponibilit√© pour cette agence orange. Grand choix de solutions connect√©es.
1853,Probl√®me technique,"""conseiller"" qui donne pas des conseils, peu aimable. On se demande a quoi sa sert l'agence quand il faut toujours appeler le service client pour √™tre inform√© "
1859,Accueil,"Even though they don't speak English (which is too bad, but it's normal in France), this branch of Orange has nice staff, very helpful people, who would explain everything one needs to the best of their ability, without giving up."
1995,Accueil,Accueil et service conseils de qualite.
966,Accueil,Service affligeant. A fuir!
1358,Accueil,"Accueil d√©plorable par une conseill√®re qui m'a tout de suite renvoy√©e vers le standard t√©l√©phonique pour n'importe quelle question... A quoi sert une boutique ??? m√™me pour changer de t√©l√©phone, il faut appeler ! Je vous d√©conseille d'y aller !"
394,Relation commercial,"Premi√®re visite √† Orange Op√©ra le 12/02 pour une offre Saint Valentin Samsung S7 ... plus en stock... pas de livraison (la neige!)... on ne sait pas quand on sera livr√©... allez √† Orange Champs Elys√©es.... - non on ne peut pas t√©l√©phoner pour savoir si ils l'ont en stock ... Visite √† Champs Elys√©es  - non , plus en stock, m√™me raison, on ne sait pas quand on le recevra.... - Mais la promotion se termine le 14... - NON ELLE EST PROLONG√âE jusqu'au 24 .. ./ Visite le 19 Orange Op√©ra ... - La promotion est TERMIN√âE ! - Ce n'est pas l'information que nous avons eue... Et l√† mise en doute de notre parole ! - Si l'on nous avait dit que la promotion n'√©tait pas prolong√©e , nous aurions command√© sur internet ! ! !"
919,Accueil,Je vous recommande cette boutique Orange pour la bienveillance des agents merci pour tant de belle choses
2160,Accueil,Tr√®s sympathique
786,Accueil,boutique du -3 du centre orange Italie 2 devrai √™tre fermer vu qui sont la pour glander et pas pour √™tre au service du client vu que ces le client que fait le boulot des employer orange et sont tr√®s d√©sagr√©able et non serviable  √† revoir
275,Temps d'attente,A √©viter  !!!!  J'ai attendu 30 minutes pour savoir quelle est la proc√©dure pour d√©poser mon t√©l√©phone tomb√© en panne aupr√©s d'un SAV orange !!! Je n'ai toujours pas ma r√©ponse √† mon probl√©me de tph.  Merci aux personnels  orange de la boutique des champs-√©lys√©es pr√©sent le 25 septembre 2018 aux alentours de 18 h 45 -19 h 30
1176,Accueil,"Bon accueil, probl√©m√© r√©solu efficacement."
98,Relation commerciale,"(Traduit par Google) Il a fallu cinq personnes pour obtenir ce dont j'avais besoin. M√™me apport√© une copie du site Web fran√ßais du simulateur de donn√©es que je voulais encore, le personnel du centre de services n‚Äôavait pas la moindre id√©e et il m‚Äôa renvoy√©. Apr√®s avoir parl√© aux deux h√¥tes √† l'entr√©e, ils ont eu une autre personne qui savait ce qu'elle faisait. Elle ne semblait pas contente d‚Äôavoir √† r√©gler ce probl√®me, mais j‚Äôai beaucoup remerci√© elle et les h√¥tes √† la porte. Le personnel de bureau doit √™tre form√© √† ce qu‚Äôil vend et √† un service client adapt√©.  (Original) Took five people to get what I needed. Even brought in a copy from the French website of the data only sim I wanted yet the staff at the service desk had no clue and just dismissed me. After talking to the two hosts at the entrance, they got another person who knew what she was doing. She didn‚Äôt seem happy about having to sort this out but I did thank her and the hosts at the door very much. The desk staff need to be trained on what they sell and proper customer service."
776,Emotion,Trop bien
2112,Probl√®me technique,"Suite au changement d'un tel, je n'avais plus acc√®s √† ma bo√Æte mail et je voulais transf√©r√© mes contacts  et mes photos. Au bout de 1h30 rien a √©t√© fait, en plus il a supprim√© mes contacts( technicien nul)."
450,Accueil,"Accueil nul , amabilit√© et comp√©tence proches du n√©ant. Fuyez !"
11,Relation commerciale,Nul aucun acceuil pour leur client orange c est du chiffre et mensonge commercial vraiment de pire en pire et lorsque vous avez raisons sur leurs demarche mensong√®res et commercial ils vous disent appeler le sav qui ce trouve en tunisie et qui a 2400 km d ici ne savent pas vous reglet votre problemes parce que deja ils comprenne pas pourquoi c est nul en france sont incapables de gerer m as pannes Visit√© en septembre
430,Accueil,Tr√®s bon accueil. Rapide et efficace
1582,Cadre,Super boutique et super √©quipe tr√®s sympa ! Et la comp√©tence est l√† !
1676,Temps d'attente,"Mais quelle exp√©rience d√©sastreuse ! Je ne peux qu‚Äôaller dans le sens des commentaires pr√©c√©dents. Quelle honte ! 45 mn d‚Äôattente pour acheter un chargeur ! Aucun bonjour, des vendeurs d√©sagr√©ables, voir agressifs et ironiques, un service d√©sorganis√©, un manque de conseils, un m√©pris des clients clairement revendiqu√©...  une exp√©rience d√©sagr√©able pour la deuxi√®me fois qui m‚Äôam√®ne √† m‚Äôinterroger en tant que cliente orange sur mon souhait de rester cliente d‚Äôune telle enseigne !"
967,Relation commerciale,"Lorsque j'ai chang√© de t√©l√©phone on ne m'a propos√© aucune remise √† orange Vaugirard, le lendemain chez orange beaugrenelle pour le m√™me tel: moins 100 euros et √©tui offert"
2573,Temps d'attente,"Bcp de monde, un peu d'attente. Personnel comp√©tent et qui prend le temps de vous aider. Bonne impression g√©n√©rale."
2539,Emotion,Tr√®s bien professionnel
1502,Accueil,Antipathiques et peu investis
609,Emotion,Bien.
1345,Accueil,Sabrina super women et Fahem top model au sourire commercial m'ont aid√©s et tr√®s bien re√ßu chacun √† leur mani√®re. √âquipe tr√®s motiv√© et bien sympathique. Super dans mon quartier.
2637,Relation commerciale,"THE WORST CUSTOMER EXPERIENCE IN MY LIFE! Never go there if you are not French or you don't speak fluent French. The service did not work but the sales forced me to pay otherwise he's gonna call the police. Never had this experience in another country around the world. I guess it only happens in France. Apr√®s la fin de mon contrat chez Sosh, je suis automatiquement pass√©e sur un forfait mobicarte. J'ai achet√© une recharge internet qui n'a jamais fonctionn√© malgr√© une configuration correcte de mon mobile. Je suis donc all√©e en magasin pour r√©soudre ce probl√®me. Le vendeur a chang√© ma carte sim et cr√©dit√© mon compte de sans mon consentement. Apr√®s avoir constat√© que le probl√®me subsistait toujours, il a eu l'audace de me demander √©nerv√© et d'un ton insultant de payer cette recharge, m'accusant de vol si jamais je ne payais pas."
1571,Emotion,√Ä √©viter
1602,Relation commerciale,"Je suis venu dans ce magasin pour changer de t√©l√©phone et √©ventuellement mon forfait. J‚Äôai √©t√© re√ßu par un vendeur peu dynamique, pas du tout motiv√©. D√©√ßu je suis all√© dans une autre boutique (Orange Op√©ra) pour un meilleur service client."
1632,Acceuil,Personnel affable et comp√©tant
1767,Relation commerciale,"Incomp√©tents. Et d√©sagr√©ables en plus. Et n'ayant pas la bonne foi de le reconna√Ætre. Un samedi apr√®s midi perdu gr√¢ce √† cette petite agence sans aucun service. Lui pr√©f√©rer nettement l'agence d'Op√©ra o√π j'ai finalement pris les deux forfaits de mes deux filles. Service impeccable, accompagn√© d'un sourire et d'un caf√©. What else ...?"
1926,Probl√®me technique,Aucune solution trouv√©e √† mon probl√®me alors que par la faute d‚Äôorange nous sommes en panne depuis presque 15 jours : aucune coh√©sion entre les diff√©rents services et qui trinque ? Le client ! Alors pour 72 euros par mois j‚Äôesp√©rais au moins avoir un service client digne de ce nom ... mieux vaut aller chez RED pour 20 euros c‚Äôest la m√™me prestation üò¨
1096,,Excelente la posibilidad de comprar SIM holiday  para tener cobertura de celu en tida Europa
272,Accueil,Accueil parfait. Service rapide.
109,Probl√®me technique,"Cela fait plus de 20 ans que je suis chez Orange et je ne m'en plains pas mais je n'ai jamais √©t√© aussi mal re√ßu qu'aujourd'hui √† la boutique des Champs Elys√©es (c'√©tait la derni√®re fois). Pauvres touristes √† qui vous donnez une image d√©sastreuse des fran√ßais. On m'enregistre √† l'entr√©e et me demande d'aller au comptoir Express apr√®s avoir enregistr√© mon nom. Arriv√©e au comptoir on me fait me d√©placer 3 fois pour aller d'une personne √† une autre et on me demande d'expliquer 2 fois ce pour quoi je viens, alors qu'il ne s'agit que d'un remplacement de d√©codeur en bonne et due forme. Rien de plus simple mais 3 personnes doivent s'en charger... O√π que vous soyez positionn√©, vous comprenez rapidement que vous d√©rangez. La premi√®re personne (mal aimable) qui m'a fait attendre (pour rien) se permet au bout de 30 secondes de me parler de ""bon sens"" alors que je m'efforce toujours d'√™tre cordial avec un(e) inconnu(e). Qu'il est loin le temps o√π le client √©tait consid√©r√© Roi ! En ressortant de cette boutique, on se demande bien qu'elle notion de Relationnel Client, cette personne a bien pu apprendre chez Orange. Je ne suis semble-t-il pas un cas isol√©, la cliente devant moi a subi exactement la m√™me chose que moi, et le client suivant a √©galement v√©cu un mauvais moment. Madame, merci de laisser votre place √† un ch√¥meur aimable, vous nuisez √† la r√©putation d'Orange. J'ose esp√©rer que vous n'√™tes pas le manager, mais je le crains vu la mani√®re dont vous vous adressez √† vos coll√®gues. Je vous souhaite de trouver un emploi qui vous plaira ; ce qui n'est manifestement pas le cas. Lorsqu'un client vient √©changer un mat√©riel d√©fectueux, je vous invite √©galement √† terminer par une formulation telle que ""Orange s'excuse pour ce d√©sagr√©ment"", cela serait bienvenu. Aucun ordre logique dans l'ordre prise en charge des personnes malgr√© le pr√©-enregistrement √† l'entr√©e. Enfin, hormis l'h√¥tesse d'accueil, aucun sourire n'a pu voir le jour dans cette boutique. Je vous salue."
2517,Accueil,"Quel accueil horrible.   Quand je suis pass√© √† la boutique il y a un mois, un monsieur √©tait √† l‚Äôaccueil.   Son seul objectif √©tait de ne pas aider les clients.  Sur 5 clients qui sont rentr√©s il a r√©ussi √† re orienter vers la sortie les 5.  Quand je suis arriv√©, il trouve tous les arguments pour ne pas changer mon enceinte HS.   Bref un scandale"
1891,Emotion,Parfait. Rien √† signaler
395,Temps d'attente,"Pas mal, pas trop d'attente"
1302,Accueil,"Accueil en agence horrible. Aucune solution aux probl√®mes rencontr√© est propos√©. Les employ√©s du magasin ne vous √©coute pas et vous tourne le dos en pleine conversation, ils sont hautins et m√©prisant. Service client plus que m√©diocre."
2586,Accueil,Tr√®s bon accueil mais beaucoup d'attente dut a l'emplacement rue de rennes
513,Accueil,On nous dirige bien
783,Accueil,Aucun accueil commerciale peu aimable suite pb de connection internet .M'ont donn√© seulement  le num√©ro 3900 !!!! Rien d'autre .... Entendu commentaires pas du tout agr√©able : les gens qui ont d√©j√† un ordi ils peuvent se d√©brouiller tout  seuls .... Sous entendu que je les emb√™te que je peut appeler le service moi-m√™me car je sais appeler un service client !!!  Bref pas d infos sur mon PB m√™me pas essay√© de savoir pourquoi ... Et apr√®s ils veulent de nouveaux clients qu.'ils essaient d abord de garder les leurs .... Aller dans une autre boutique ....
1545,Accueil,Je me suis fait remercier
2021,Accueil,Temps d'attente interminable.  Seulement conseillers. L'accueil est lamentable et le service est m√©diocre.  A √©viter cette boutique